{
  "domain": "card_fraud",
  "source": "pointe77/credit-card-transaction",
  "train_rows": 1296675,
  "test_rows": 555719,
  "test_fraud_rate": 0.0038598644278853163,
  "pr_auc": 0.9667220670580329,
  "roc_auc": 0.9986812644459138,
  "routing_threshold": 0.9403985330442168,
  "thresholds": {
    "recall_0.8": {
      "threshold": 0.9970230256004957,
      "precision": 0.9953596287703016,
      "recall": 0.8,
      "flagged_frac": 0.003102287307074259
    },
    "recall_0.85": {
      "threshold": 0.9873260015550254,
      "precision": 0.9822294022617124,
      "recall": 0.8503496503496504,
      "flagged_frac": 0.003341616896309106
    },
    "recall_0.9": {
      "threshold": 0.9403985330442168,
      "precision": 0.964053919121318,
      "recall": 0.9002331002331002,
      "flagged_frac": 0.0036043396032887126
    },
    "recall_0.95": {
      "threshold": 0.21236712046021888,
      "precision": 0.8294668294668295,
      "recall": 0.9501165501165502,
      "flagged_frac": 0.004421299253759544
    }
  },
  "top_features": [
    [
      "amt_to_p95",
      47188860.70625265
    ],
    [
      "category",
      8522990.745571464
    ],
    [
      "log_amt",
      8323587.013781413
    ],
    [
      "is_night",
      7574363.5012461245
    ],
    [
      "amt_24h",
      1214869.170709595
    ],
    [
      "mins_since_last",
      632837.2622831315
    ],
    [
      "state",
      467810.08003786206
    ],
    [
      "age",
      407145.289507702
    ],
    [
      "tx_24h",
      370891.4305666238
    ],
    [
      "hour",
      305668.0894229263
    ],
    [
      "cat_fraud_rate",
      134350.27322229743
    ],
    [
      "amt",
      125077.9084532708
    ]
  ],
  "n_features": 18,
  "best_iteration": 810,
  "scale_pos_weight": 171.75179856115108
}